id,english,tamil_reference,domain,topic,generated_tamil
1,"""We now have 4-month-old mice that are non-diabetic that used to be diabetic,"" he added.","""""""எங்களிடம் இப்போது  4-மாத-வயதுடைய எலி ஒன்று உள்ளது, முன்னர் அதற்கு நீரிழிவு இருந்தது தற்போது இல்லை"""" என்று அவர் மேலும் கூறினார்.""",wikinews,"disease, research, canada","""இப்போது எங்களிடம் 4 மாத வயது எலிகள் உள்ளன, அவை நீரிழிவு அல்லாதவை, அவை முன்பு நீரிழிவு நோயால் பாதிக்கப்பட்டன"" என்று அவர் மேலும் கூறினார்."
2,"Dr. Ehud Ur, professor of medicine at Dalhousie University in Halifax, Nova Scotia and chair of the clinical and scientific division of the Canadian Diabetes Association cautioned that the research is still in its early days.","ஹாலிஃபாக்ஸில் உள்ள டல்ஹெளசி பல்கலைக்கழகத்தின் மருத்துவப் பேராசிரியரும், நோவா ஸ்கோட்டியா மற்றும் கனேடிய நீரிழிவு சங்கத்தின் மருத்துவ மற்றும் அறிவியல் பிரிவின் தலைவருமான டாக்டர் இஹுத் உர், ஆராய்ச்சி இன்னும் ஆரம்ப நாட்களில்தான் உள்ளது என்று எச்சரித்துள்ளார்.",wikinews,"disease, research, canada","நோவா ஸ்கோடியாவின் ஹாலிஃபாக்ஸில் உள்ள டல்ஹெளசி பல்கலைக்கழகத்தின் மருத்துவப் பேராசிரியரும், கனேடிய நீரிழிவு சங்கத்தின் மருத்துவ மற்றும் அறிவியல் பிரிவின் தலைவருமான டாக்டர் எஹுத் உர், ஆராய்ச்சி இன்னும் அதன் ஆரம்ப நாட்களில் இருப்பதாக எச்சரித்தார்."
3,"Like some other experts, he is skeptical about whether diabetes can be cured, noting that these findings have no relevance to people who already have Type 1 diabetes.","பிற வல்லுனர்கள் போலவே அவரும், ஏற்கனவே டைப் 1 இரத்த சர்க்கரை நோயுள்ளவர்களுக்கு இந்த கண்டுபிடிப்புகள் பொருந்தவில்லை என்பதால் இரத்த சர்க்கரை நோயிற்கு நிவாரணம் உள்ளதா என்பது குறித்து சந்தேகமடைகிறார்.",wikinews,"disease, research, canada","மற்ற சில நிபுணர்களைப் போலவே, நீரிழிவு நோயைக் குணப்படுத்த முடியுமா என்பது குறித்து அவருக்கு சந்தேகம் உள்ளது, இந்த கண்டுபிடிப்புகள் ஏற்கனவே வகை 1 நீரிழிவு நோயால் பாதிக்கப்பட்டவர்களுக்கு எந்த தொடர்பும் இல்லை என்பதைக் குறிப்பிடுகிறது."
4,"On Monday, Sara Danius, permanent secretary of the Nobel Committee for Literature at the Swedish Academy, publicly announced during a radio program on Sveriges Radio in Sweden the committee, unable to reach Bob Dylan directly about winning the 2016 Nobel Prize in Literature, had abandoned its efforts to reach him.","திங்கட் கிழமையன்று ஸ்வீடிஷ் அகேடமியில் இலக்கியத்திற்கான நோபல் குழுவின் செயலாளர், சாரா டேனியஸ் ஸ்வீடனின் ஸ்வெரிஜெஸ் ரேடியோவின் ஒரு ரேடியோ நிகழ்ச்சியில், பாப் டைலன் 2016ஆம் வருட இலக்கியத்திற்கான நோபல் பரிசு வென்றதை அவரிடம் நேரிடையாக அறிவிக்க இயலவில்லை என்றும் அவரை அடையும் முயற்சி கைவிடப்பட்டது என்றும் பொதுவாக அறிவித்தார்.",wikinews,music,"திங்களன்று, ஸ்வீடிஷ் அகாடமியின் இலக்கியத்திற்கான நோபல் குழுவின் நிரந்தரச் செயலாளரான சாரா டேனியஸ், ஸ்வீடனில் உள்ள ஸ்வெரிஜஸ் வானொலியில் ஒரு வானொலி நிகழ்ச்சியின் போது பகிரங்கமாக அறிவித்தார், 2016 ஆம் ஆண்டின் இலக்கியத்திற்கான நோபல் பரிசை வெல்வது குறித்து பாப் டிலானை நேரடியாக அணுக முடியாமல், அவரை அணுகுவதற்கான முயற்சிகளை குழு கைவிட்டது."
5,"Danius said, ""Right now we are doing nothing. I have called and sent emails to his closest collaborator and received very friendly replies. For now, that is certainly enough.""","""""""இப்போது நாம் ஒன்றும் செய்யவில்லை. நான் அவரது நெருங்கிய கூட்டாளிக்கு அழைப்பு செய்து மின்னஞ்சல்களை அனுப்பி, மிகவும் நட்புடன் பதில்களைப் பெற்றுள்ளேன். இப்போதைக்கு, அது போதுமானது."""" என்று டானியஸ் கூறினார்.""",wikinews,music,"டேனியஸ், ""இப்போது நாங்கள் எதுவும் செய்யவில்லை. நான் அவரது நெருங்கிய ஒத்துழைப்பாளரை அழைத்து மின்னஞ்சல்களை அனுப்பியுள்ளேன், மேலும் மிகவும் நட்பான பதில்களைப் பெற்றுள்ளேன். இப்போதைக்கு, அது நிச்சயமாக போதுமானது""."
6,"Previously, Ring's CEO, Jamie Siminoff, remarked the company started when his doorbell wasn't audible from his shop in his garage.","முன்பு, ரிங்க்ஸின் சீஈஓ ஜேமி ஸிமினாஃப், அவருக்கு அவரது கேரேஜினுள் உள்ள கடைக்குள் கதவு அறிவிப்பு மணியின் ஒலி கேட்காத காரணத்தால், அந்த நிறுவனம் துவங்கப்பட்டது என்பதை குறிப்பிட்டார்.",wikinews,business,"முன்னதாக, ரிங்கின் தலைமை நிர்வாக அதிகாரி ஜேமி சிமினோஃப், தனது கேரேஜில் உள்ள தனது கடையில் இருந்து அவரது கதவு மணி கேட்கப்படாதபோது நிறுவனம் தொடங்கியது என்று குறிப்பிட்டார்."
7,"He built a WiFi door bell, he said.","அவர், தான் வைஃபை கதவு அறிவிப்பு மணியை உருவாக்கியதாகக் கூறினார்.",wikinews,business,"அவர் ஒரு வைஃபை கதவு மணியை உருவாக்கினார், என்றார்."
8,Siminoff said sales boosted after his 2013 appearance in a Shark Tank episode where the show panel declined funding the startup.,"ஸிமினாஃப், 2013 ஆம் ஆண்டு ஷார் டேங்க் தொடரில் தான் தோன்றியது மற்றும் அவர்கள் தன் ஸ்டார்ட் அப் நிறுவனத்திற்கு பணம் அளிக்க மறுத்ததன் பின்னர் அவரது விற்பனை பெருகியது என்று தெரிவித்தார்.",wikinews,business,"2013 ஆம் ஆண்டு ஷார்க் டேங்க் எபிசோடில் தோன்றிய பின்னர் விற்பனை அதிகரித்ததாக சிமினோஃப் கூறினார், அங்கு நிகழ்ச்சி குழு தொடக்கத்திற்கு நிதியளிக்க மறுத்துவிட்டது."
9,"In late 2017, Siminoff appeared on shopping television channel QVC.","சிமினோஃப் 2017 இன் பிற்பகுதியில், ஷாப்பிங் தொலைக்காட்சி சேனலான QVC இல் தோன்றினார்.",wikinews,business,"2017 ஆம் ஆண்டின் பிற்பகுதியில், சிமினோஃப் ஷாப்பிங் தொலைக்காட்சி சேனலான கியூவிசி இல் தோன்றினார்."
10,"Ring also settled a lawsuit with competing security company, the ADT Corporation.",ரிங் அதன் போட்டி பாதுகாப்பு நிறுவனமான ADT கார்ப்பரேஷனுடன் உரிமை கோரல் வழக்கை தீர்த்துக் கொண்டது.,wikinews,business,போட்டி பாதுகாப்பு நிறுவனமான ஏடிடி கார்ப்பரேஷனுடன் ஒரு வழக்கையும் ரிங் தீர்த்துக் கொண்டார்.
11,"While one experimental vaccine appears able to reduce Ebola mortality, up until now, no drugs have been clearly demonstrated suitable for treating existing infection.","எபோலாவினால் ஏற்படும் உயிரிழப்புகளைக் குறைக்கும் என நம்பப்படும் ஒரே ஒரு சோதனை தடுப்பூசியைத் தவிர, வேறு எந்த மருந்தும் தற்போதுள்ள தொற்றிற்கு ஏற்ப சிகிச்சை அளிப்பவையாக செயல்படவில்லை.",wikinews,health,"ஒரு சோதனை தடுப்பூசி எபோலா இறப்பைக் குறைக்க முடியும் என்று தோன்றுகிறது, இப்போது வரை, தற்போதுள்ள நோய்த்தொற்றுக்கு சிகிச்சையளிக்க எந்த மருந்துகளும் தெளிவாக நிரூபிக்கப்படவில்லை."
12,"One antibody cocktail, ZMapp, initially showed promise in the field, but formal studies indicated it had less benefit than sought in preventing death.","எதிர்ப்புசக்திக் கொண்ட சிற்றுண்டி, ZMapp, ஆரம்பத்தில் இந்தத் துறையில் நம்பிக்கைக் கொடுத்தது, ஆனால் முறைப்படி செய்யப்பட்ட ஆய்வுகள் இது மரணத்தை தடுப்பதற்கான வழிகளுக்குப் பதிலாக குறைவான நன்மையே தருகிறது என்பதைக் காட்டின.",wikinews,health,"ஒரு ஆன்டிபாடி காக்டெய்ல், ZMapp, ஆரம்பத்தில் இந்தத் துறையில் நம்பிக்கையைக் காட்டியது, ஆனால் முறையான ஆய்வுகள் மரணத்தைத் தடுப்பதில் விரும்பியதை விட குறைவான நன்மையைக் கொண்டிருந்தன என்பதைக் குறிக்கின்றன."
13,"In the PALM trial, ZMapp served as a control, meaning scientists used it as a baseline and compared the three other treatments to it.","PALM சோதனையில், ZMapp ஒரு கட்டுப்பாடாகச் செயல்பட்டது, அதாவது விஞ்ஞானிகள் இதை ஒரு அடிப்படையாகப் பயன்படுத்தினர் மற்றும் அதனுடன் மற்ற மூன்று சிகிச்சையையும் ஒப்பிட்டனர்.",wikinews,health,"PALM சோதனையில், ZMapp ஒரு கட்டுப்பாட்டாக செயல்பட்டது, அதாவது விஞ்ஞானிகள் அதை ஒரு அடிப்படையாகப் பயன்படுத்தினர் மற்றும் மற்ற மூன்று சிகிச்சைகளை அதனுடன் ஒப்பிட்டனர்."
14,USA Gymnastics supports the United States Olympic Committee's letter and accepts the absolute need of the Olympic family to promote a safe environment for all of our athletes.,"USA ஜிம்னாஸ்டிக்ஸ், யுனைடெட் ஸ்டேட்ஸ் ஒலிம்பிக் கமிட்டியின் கடிதத்தை ஆதரிக்கிறது மற்றும்  விளையாட்டு வீரர்கள் அனைவருக்கும் பாதுகாப்பான சூழலை ஊக்குவிக்க ஒலிம்பிக் குடும்பத்தின் முழுமையான தேவையை ஏற்றுக்கொள்கிறது.",wikinews,sports,அமெரிக்க ஜிம்னாஸ்டிக்ஸ் அமெரிக்க ஒலிம்பிக் கமிட்டியின் கடிதத்தை ஆதரிக்கிறது மற்றும் நமது விளையாட்டு வீரர்கள் அனைவருக்கும் பாதுகாப்பான சூழலை ஊக்குவிக்க ஒலிம்பிக் குடும்பத்தின் முழுமையான தேவையை ஏற்றுக்கொள்கிறது.
15,"We agree with the USOC's statement that the interests of our athletes and clubs, and their sport, may be better served by moving forward with meaningful change within our organization, rather than decertification.","எங்களுடைய  விளையாட்டு வீரர்கள் மற்றும் கிளப்புகளின் நலன்கள், மற்றும் அவர்களின் விளையாட்டு ஆகியவை தீர்மானிப்பதை விட, எங்கள் நிறுவனத்திற்குள் அர்த்தமுள்ள மாற்றத்துடன் முன்னேறுவதன் மூலம் சிறப்பாக சேவை செய்யப்படலாம், என்ற  USOC's  அறிக்கையுடன் நாங்கள் உடன்படுகிறோம்.",wikinews,sports,"எங்கள் விளையாட்டு வீரர்கள் மற்றும் கிளப்புகளின் நலன்கள் மற்றும் அவர்களின் விளையாட்டு ஆகியவை, எங்கள் நிறுவனத்திற்குள் அர்த்தமுள்ள மாற்றத்துடன் முன்னேறுவதன் மூலம், சான்றிதழ் நீக்கப்படுவதை விட சிறப்பாக செயல்பட முடியும் என்ற யு. எஸ். ஓ. சியின் அறிக்கையை நாங்கள் ஒப்புக்கொள்கிறோம்."
16,USA Gymnastics supports an independent investigation that may shine light on how abuse of the proportion described so courageously by the survivors of Larry Nassar could have gone undetected for so long and embraces any necessary and appropriate changes.,"யுஎஸ்ஏ ஜிம்னாஸ்டிக்ஸ் ஆதரவாளர்கள், லேரி நாஸரினால் பிழைத்தவர்கள், தைரியமாக அந்த கலவை எவ்வளவு பாதிப்பை அளித்தது மற்றும் இவ்வளவு நாட்கள் கண்டுபிடிக்கப்படாமல் இருந்தது என்று விவரிப்பதை தெளிவுபடுத்த முயலும் தன்னிச்சை ஆய்விற்கு ஆதரவு அளிக்கும் மற்றும் தேவையான மற்றும் தகுந்த மாற்றத்தை ஒட்டி நடக்கும் என்கின்றனர்.",wikinews,sports,லாரி நாசர் உயிர் பிழைத்தவர்களால் தைரியமாக விவரிக்கப்பட்ட விகிதத்தை துஷ்பிரயோகம் செய்வது இவ்வளவு நீண்ட காலத்திற்கு கண்டறியப்படாமல் இருந்திருக்கலாம் மற்றும் தேவையான மற்றும் பொருத்தமான மாற்றங்களைத் தழுவியிருக்கலாம் என்பதை வெளிச்சம் போட்டுக் காட்டும் ஒரு சுயாதீன விசாரணையை யு. எஸ். ஏ ஜிம்னாஸ்டிக்ஸ் ஆதரிக்கிறது.
17,"USA Gymnastics and the USOC have the same goal — making the sport of gymnastics, and others, as safe as possible for athletes to follow their dreams in a safe, positive and empowered environment.","அமெரிக்க ஜிம்னாஸ்டிக்ஸ் மற்றும் USOC ஆகிய இரண்டும்  பாதுகாப்பான, நேர்மறையான மற்றும் அதிகாரம் பெற்ற சூழலில் விளையாட்டு வீரர்கள் தங்கள் லட்சியங்களைத் தொடர ஜிம்னாஸ்டிக்ஸ் விளையாட்டையும், மற்ற விளையாட்டுகளையும், முடிந்தவரை பாதுகாப்பானதாக மாற்றுவதற்கான ஒரே நோக்கத்தைக் கொண்டுள்ளன.",wikinews,sports,"அமெரிக்க ஜிம்னாஸ்டிக்ஸ் மற்றும் யு. எஸ். ஓ. சி ஒரே குறிக்கோளைக் கொண்டுள்ளன-ஜிம்னாஸ்டிக்ஸ் விளையாட்டை உருவாக்குவது மற்றும் பிற, விளையாட்டு வீரர்கள் தங்கள் கனவுகளை பாதுகாப்பான, நேர்மறையான மற்றும் அதிகாரம் பெற்ற சூழலில் பின்பற்ற முடிந்தவரை பாதுகாப்பானது."
18,"Throughout 1960s, Brzezinski worked for John F. Kennedy as his advisor and then the Lyndon B. Johnson administration.",1960 முழுவதும் ஜான் எஃப்.கென்னடியிடம் ஆலோசகராகவும் பிறகு லிண்டன் பி. ஜான்சன் நிர்வாகத்திலும் ப்ஜெஜின்ஸ்கி பணிபுரிந்தார்.,wikinews,politics,"1960கள் முழுவதும், ஜான் எஃப் கென்னடிக்கு அவரது ஆலோசகராகவும் பின்னர் லிண்டன் பி. ஜான்சன் நிர்வாகத்திலும் பிரெஸ்ஜின்ஸ்கி பணியாற்றினார்."
19,"During the 1976 selections he advised Carter on foreign policy, then served as National Security Advisor (NSA) from 1977 to 1981, succeeding Henry Kissinger.","1976 தேர்வுகளின் போது அவர் கார்டருக்கு வெளியுறவுக் கொள்கை குறித்து ஆலோசனை வழங்கினார், பின்னர்  ஹென்றி கிஸ்ஸிங்கருக்குப் பின் 1977 முதல் 1981 வரை தேசிய பாதுகாப்பு ஆலோசகராக (NSA) பணியாற்றினார்.",wikinews,politics,"1976 தேர்தல்களின் போது அவர் கார்டருக்கு வெளியுறவுக் கொள்கை குறித்து ஆலோசனை வழங்கினார், பின்னர் 1977 முதல் 1981 வரை தேசிய பாதுகாப்பு ஆலோசகராக (என்எஸ்ஏ) பணியாற்றினார், ஹென்றி கிஸ்ஸிங்கருக்குப் பிறகு."
20,"As NSA, he assisted Carter in diplomatically handling world affairs, such as the Camp David Accords, 1978; normalizing US–China relations thought the late 1970s; the Iranian Revolution, which led to the Iran hostage crisis, 1979; and the Soviet invasion in Afghanistan, 1979.","என்எஸ்ஏயாக அவர், 1978ஆம் ஆண்டு கேம்ப் டேவிட் உடன்படிக்கை; 1970ஆம் ஆண்டில் யுஎஸ்- சைனா இடையேயான உறவை சீர்படுத்தல், 1979ஆம் ஆண்டு இரான் பிணைக்கைதி நெருக்கடிக்கு வழிவகுத்த இரான் போராட்டம்; 1979இல் ஆஃப்கானிஸ்தானில் சோவியத்தின் முற்றுகை போன்ற உலக விவகாரங்களை அரசியல் திறனுடன் கையாள்வதில் கார்டருக்கு உதவியாக இருந்தார்.",wikinews,politics,"தேசிய பாதுகாப்பு ஆலோசகராக, 1978 ஆம் ஆண்டு கேம்ப் டேவிட் உடன்படிக்கைகள் போன்ற உலக விவகாரங்களை இராஜதந்திர ரீதியாக கையாள்வதில் கார்டருக்கு உதவினார்; 1970 களின் பிற்பகுதியில் அமெரிக்க-சீன உறவுகளை இயல்பாக்கியது; ஈரான் பணயக்கைதிகள் நெருக்கடிக்கு வழிவகுத்த ஈரானிய புரட்சி, 1979; மற்றும் ஆப்கானிஸ்தானில் சோவியத் படையெடுப்பு, 1979."
21,"The movie, featuring Ryan Gosling and Emma Stone, received nominations in all major categories.","ரியான் கோஸ்லிங் மற்றும் எம்மா ஸ்டோன் நடித்த இந்தத் திரைப்படம், அனைத்து முக்கிய பிரிவுகளிலும் பரிந்துரைகளைப் பெற்றது.",wikinews,entertainment,ரியான் கோஸ்லிங் மற்றும் எம்மா ஸ்டோன் நடித்த இந்த படம் அனைத்து முக்கிய பிரிவுகளிலும் பரிந்துரைகளைப் பெற்றது.
22,Gosling and Stone received nominations for Best Actor and Actress respectively.,"கோஸ்லிங் மற்றும் ஸ்டோன், இவர்கள் இருவரும் சிறந்த நடிகர் மற்றும் நடிகைக்கான பரிந்துரைகளைப் பெற்றனர்.",wikinews,entertainment,கோஸ்லிங் மற்றும் ஸ்டோன் முறையே சிறந்த நடிகர் மற்றும் நடிகைக்கான பரிந்துரைகளைப் பெற்றனர்.
23,"The other nominations include Best Picture, Director, Cinematography, Costume Design, Film-editing, Original Score, Production Design, Sound Editing, Sound Mixing and Original Screenplay.","சிறந்த படம், இயக்குனர், ஒளிப்பதிவு, ஆடை வடிவமைப்பு, பட எடிட்டிங், அசல் ஸ்கோர், தயாரிப்பு வடிவமைப்பு, ஒலி எடிட்டிங், ஒலி கலவை மற்றும் அசல் திரைக்கதை ஆகிய பிற பரிந்துரைகள் அடங்கியுள்ளன.",wikinews,entertainment,"சிறந்த படம், இயக்குனர், ஒளிப்பதிவு, ஆடை வடிவமைப்பு, திரைப்படத் தொகுப்பு, அசல் இசை, தயாரிப்பு வடிவமைப்பு, ஒலி எடிட்டிங், ஒலி கலவை மற்றும் அசல் திரைக்கதை ஆகியவை பரிந்துரைக்கப்படுகின்றன."
24,"Two songs from the movie, Audition (The Fools Who Dream) and City of Stars, received nominations for best original song. Lionsgate studio received 26 nominations — more than any other studio.","திரைப்படத்தின் இரண்டு பாடல்கள், ஆடிஷன் (தி ஃபூல்ஸ் ஹூ ட்ரீம்) மற்றும் சிட்டி ஆஃப் ஸ்டார்ஸ், சிறந்த ஒர்ஜினல் பாடலுக்கான பரிந்துரைகளைப் பெற்றன. லயன்ஸ்கேட் ஸ்டுடியோ 26 பரிந்துரைகளைப் பெற்றது - வேறு எந்த ஸ்டுடியோவை விடவும் அதிகமானது.",wikinews,entertainment,"திரைப்படத்தின் இரண்டு பாடல்கள், ஆடிஷன் (தி ஃபூல்ஸ் ஹூ ட்ரீம்) மற்றும் சிட்டி ஆஃப் ஸ்டார்ஸ், சிறந்த அசல் பாடலுக்கான பரிந்துரைகளைப் பெற்றன. லயன்ஸ்கேட் ஸ்டுடியோ 26 பரிந்துரைகளைப் பெற்றது-வேறு எந்த ஸ்டுடியோவையும் விட அதிகம்."
25,"Late on Sunday, the United States President Donald Trump, in a statement delivered via the press secretary, announced US troops would be leaving Syria.","ஞாயிற்றுக்கிழமை பிற்பகுதியில், அமெரிக்க அதிபர் டொனால்ட் டிரம்ப், பத்திரிகை செயலாளர் வழியாக வழங்கிய அறிக்கையில், அமெரிக்கத் துருப்புகள் சிரியாவை விட்டு வெளியேறப்போவதாக அறிவித்தார்.",wikinews,politics,"ஞாயிற்றுக்கிழமை பிற்பகுதியில், அமெரிக்க அதிபர் டொனால்ட் ட்ரம்ப், பத்திரிகை செயலாளர் மூலம் வழங்கிய அறிக்கையில், அமெரிக்க துருப்புக்கள் சிரியாவை விட்டு வெளியேறுவதாக அறிவித்தார்."
26,The announcement was made after Trump had a phone conversation with Turkish President Recep Tayyip Erdoğan.,"இந்த அறிவிப்பு ட்ரம்ப், துருக்கியின் ஜனாதிபதி ரெஸெப் டய்யிப் ஏர்டோகனுடன் நடத்திய தொலைபேசி உரையாடலின் பின்னர் செய்யப்பட்டது.",wikinews,politics,துருக்கி அதிபர் ரெசெப் தயிப் எர்டோகனுடன் தொலைபேசி உரையாடலின் பின்னர் இந்த அறிவிப்பு வெளியிடப்பட்டது.
27,"Turkey would also take over guarding captured ISIS fighters which, the statement said, European nations have refused to repatriate.",அந்த அறிக்கையின்படி கைப்பற்றப்பட்ட ISIS போராளிகளை பாதுகாக்கும் பொறுப்பை துருக்கி எடுத்துக்கொள்ளும் மற்றும் ஐரோப்பிய நாடுகள் திருப்பி அனுப்ப மறுத்துவிட்டன என்றும் கூறியது.,wikinews,politics,"கைப்பற்றப்பட்ட ஐஎஸ்ஐஎஸ் போராளிகளைப் பாதுகாப்பதையும் துருக்கி எடுத்துக் கொள்ளும், ஐரோப்பிய நாடுகள் திருப்பி அனுப்ப மறுத்துவிட்டன என்று அந்த அறிக்கையில் கூறப்பட்டுள்ளது."
28,"This not only confirms that at least some dinosaurs had feathers, a theory already widespread, but provides details fossils generally cannot, such as color and three-dimensional arrangement.","இது, ஏற்கனவே பரவலாக பேசப்படும் கொள்கையான சில டைனோசர்களுக்கு மட்டும் இறகுகள் இருப்பதை உறுதிப்படுத்துகிறது. மேலும், விளக்கமான தொல் எச்சங்களால் பொதுவாக அளிக்க முடியாத நிறம் மற்றும் முப்பரிமாண அமைப்பு குறித்த விவரங்களையும் வழங்குகிறது.",wikinews,sciece,"இது குறைந்தபட்சம் சில டைனோசர்களுக்கு இறகுகள் இருந்தன என்பதை உறுதிப்படுத்துவது மட்டுமல்லாமல், ஏற்கனவே பரவலாக உள்ள ஒரு கோட்பாடு, ஆனால் நிறம் மற்றும் முப்பரிமாண ஏற்பாடு போன்ற புதைபடிவங்கள் பொதுவாக செய்ய முடியாத விவரங்களை வழங்குகிறது."
29,. Scientists say this animal's plumage was chestnut-brown on top with a pale or carotenoid-colored underside.,விஞ்ஞானிகள் இந்த விலங்கினுடைய இறகுப்பகுதியின் மேற்பரப்பு கஷ்கொட்டை-பழுப்பு நிறத்திலும் மற்றும் அடிப்பரப்பு வெளிர் அல்லது கரோட்டினாய்டு நிறத்திலும் இருந்தன என்று கூறுகின்றனர்.,wikinews,sciece,இந்த விலங்கின் இறகுகள் மேலே செஸ்ட்நட்-பழுப்பு நிறத்தில் வெளிர் அல்லது கரோட்டினாய்டு நிறத்தில் இருந்தன என்று விஞ்ஞானிகள் கூறுகின்றனர்.
30,The find also grants insight into the evolution of feathers in birds.,கண்டுபிடிப்பானது பறவைகளில் இறகுகளின் பரிணாம வளர்ச்சியைப் பற்றிய நுண்ணறிவை வழங்குகிறது.,wikinews,sciece,பறவைகளில் இறகுகளின் பரிணாமம் பற்றிய நுண்ணறிவையும் இந்த கண்டுபிடிப்பு வழங்குகிறது.
31,"Because the dinosaur feathers do not have a well-developed shaft, called a rachis, but do have other features of feathers — barbs and barbules — the researchers inferred the rachis was likely a later evolutionary development that these other features.","டைனோசர் இறகுகளில் தண்டுகள் வளர்ந்த நிலையில் இருக்காது என்பதால், இது ராச்சிஸ் என்று அழைக்கப்படுகிறது, ஆனால் இறகுகளின் பிற அம்சங்களைக் கொண்டிருக்கின்றன - பார்ப்கள் மற்றும் பார்ப்யூல்கள் - ஆராய்ச்சியாளர்கள் ராச்சிகளை யூகித்து, இந்த பிற அம்சங்கள் பிற்கால பரிணாம வளர்ச்சியாக இருக்கலாம் எனக் கருதினர்.",wikinews,sciece,"டைனோசர் இறகுகள் ராச்சிஸ் என்று அழைக்கப்படும் நன்கு வளர்ந்த தண்டைக் கொண்டிருக்கவில்லை, ஆனால் இறகுகளின் பிற அம்சங்களைக் கொண்டுள்ளன-பார்புகள் மற்றும் பார்புல்ஸ்-ஆராய்ச்சியாளர்கள் ராச்சிஸ் இந்த மற்ற அம்சங்களை விட பிற்கால பரிணாம வளர்ச்சியாக இருக்கலாம் என்று ஊகித்தனர்."
32,"The feathers' structure suggests that they were not used in flight but rather for temperature regulation or display. The researchers suggested that, even though this is the tail of a young dinosaur, the sample shows adult plumage and not a chick's down.","இறகுகளின் அமைப்பு அவை பறப்பதற்கு பயன்படுத்தப்படவில்லை, மாறாக வெப்பத்தைக் கட்டுப்படுத்துவதற்கும் அல்லது காட்சிக்கு எனக் கூறுகிறது. இது ஒரு இளம் டைனோசரின் வால் என்றாலும், மாதிரியானது வளர்ந்த இறகினை காட்டுகிறது, குஞ்சினுடையது அல்ல என்று ஆராய்ச்சியாளர்கள் அறிவுறுத்துகின்றனர்.",wikinews,sciece,"இறகுகளின் அமைப்பு அவை பறக்கவிடுவதற்குப் பயன்படுத்தப்படவில்லை, மாறாக வெப்பநிலை கட்டுப்பாடு அல்லது காட்சிக்கு பயன்படுத்தப்பட்டன என்று கூறுகிறது. இது ஒரு இளம் டைனோசரின் வால் என்றாலும், மாதிரி ஒரு குஞ்சின் கீழே அல்ல, வயது வந்த இறகுகளைக் காட்டுகிறது என்று ஆராய்ச்சியாளர்கள் பரிந்துரைத்தனர்."
33,"The researchers suggested that, even though this is the tail of a young dinosaur, the sample shows adult plumage and not a chick's down.","இது சிறிய டைனோசரின் வாலாக இருப்பினும், மாதிரியின் முடிவுகள் அது வயது வந்த தழும்புகளை கொண்டுள்ளது, மற்றும் அது கோழிக்குஞ்சின் பின்புறம் கிடையாது என ஆராய்ச்சியாளர்கள் பரிந்துரைக்கிறார்கள்.",wikinews,sciece,"இது ஒரு இளம் டைனோசரின் வால் என்றாலும், மாதிரி ஒரு குஞ்சின் கீழே அல்ல, வயது வந்த இறகுகளைக் காட்டுகிறது என்று ஆராய்ச்சியாளர்கள் பரிந்துரைத்தனர்."
34,"A car bomb detonated at police headquarters in Gaziantep, Turkey yesterday morning killed two police officers and injured more than twenty other people.",துருக்கியின் கேஸியண்டேப்பிலுள்ள காவல்துறை தலைமையகத்தில் நேற்று காலை ஏற்பட்ட கார் குண்டு வெடிப்பில் இரண்டு காவல்துறை அதிகாரிகள் கொல்லப்பட்டனர் மற்றும் இருபதிற்கும் மேற்பட்டவர்கள் காயமடைந்தனர்.,wikinews,politics,துருக்கியில் உள்ள காசியான்டெப்பில் உள்ள காவல் தலைமையகத்தில் நேற்று காலை நடத்தப்பட்ட கார் குண்டு வெடிப்பில் இரண்டு காவல் அதிகாரிகள் கொல்லப்பட்டனர் மற்றும் இருபதுக்கும் மேற்பட்டோர் காயமடைந்தனர்.
35,The governor's office said nineteen of the injured were police officers.,ஆளுனர் அலுவலக நிர்வாகத்தினர் காயமடைந்தவர்களில் பத்தொன்பது பேர்கள் காவல்துறை அதிகாரிகள் என்று கூறினர்.,wikinews,politics,காயமடைந்தவர்களில் பத்தொன்பது பேர் போலீஸ் அதிகாரிகள் என்று ஆளுநர் அலுவலகம் தெரிவித்துள்ளது.
36,Police said they suspect an alleged Daesh (ISIL) militant of responsibility for the attack.,இந்த தாக்குதலுக்கு டேஷ் (இஸ்லாமிக் ஸ்டேட் ஆப் ஈராக் அண்ட் லெவண்ட்) போராளி பொறுப்பானவர்கள் என்று சந்தேகிப்பதாக போலீசார் தெரிவித்தனர்.,wikinews,politics,இந்தத் தாக்குதலுக்கு ஐஎஸ்ஐஎஸ் தீவிரவாதிகள் ஒருவர் பொறுப்பு என்று சந்தேகிப்பதாக போலீசார் தெரிவித்தனர்.
37,"They found the Sun operated on the same basic principles as other stars: The activity of all stars in the system was found to be driven by their luminosity, their rotation, and nothing else.","சூரியன், மற்ற நட்சத்திரங்களைப் போலவே அடிப்படைக் கொள்கைகளில் இயங்குவதை அவர்கள் கண்டறிந்தார்கள்: அமைப்பில் இருக்கும் அனைத்து நட்சத்திரங்களின் செயல்பாடும், அவற்றின் ஒளிர்வு மற்றும் சுழற்சியினால் இயக்கப்படுகிறது என்பதையும், வேறு எதனாலும் இல்லை என்பதையும் கண்டறிந்துள்ளனர்.",wikinews,sciece,"சூரியன் மற்ற நட்சத்திரங்களைப் போலவே அதே அடிப்படைக் கொள்கைகளின் அடிப்படையில் செயல்படுவதை அவர்கள் கண்டறிந்தனர்ஃ இந்த அமைப்பில் உள்ள அனைத்து நட்சத்திரங்களின் செயல்பாடும் அவற்றின் ஒளிரும் தன்மை, அவற்றின் சுழற்சி மற்றும் வேறு எதனாலும் இயக்கப்படுவதாகக் கண்டறியப்பட்டது."
38,"The luminosity and rotation are used together to determine a star's Rossby number, which is related to plasma flow.","ஒரு நட்சத்திரத்தின் ராஸ்பி எண்ணைத் தீர்மானிக்க ஒளிர்வு மற்றும் சுழற்சி இரண்டும் ஒரே சமயத்தில் பயன்படுத்தப்படுகின்றன, இது பிளாஸ்மா ஓட்டத்துடன் தொடர்புடையது.",wikinews,sciece,"ஒளிரும் தன்மையும் சுழற்சியும் இணைந்து ஒரு நட்சத்திரத்தின் ரோஸ்பி எண்ணை தீர்மானிக்கப் பயன்படுத்தப்படுகின்றன, இது பிளாஸ்மா ஓட்டத்துடன் தொடர்புடையது."
39,"The smaller the Rossby number, the less active the star with respect to magnetic reversals.","ரோஸ்பி எண் குறைவாக உள்ள நட்சத்திரம், காந்தப்புற மாற்ற தொடர்புகளுடன் மிகவும் குறைந்த செயல்பாடு கொண்டதாகவே இருக்கும்.",wikinews,sciece,"ராஸ்பி எண் எவ்வளவு சிறியதாக இருக்கிறதோ, காந்தப் பின்னடைவுகளைப் பொறுத்தவரை நட்சத்திரம் குறைவான செயலில் உள்ளது."
40,"During his trip, Iwasaki ran into trouble on many occasions.","தனது பயணத்தின்போது, ​​இவாசாகி பல சந்தர்ப்பங்களில் பிரச்சனையில் சிக்கினார்.",wikinews,travel,"தனது பயணத்தின் போது, இவாசாகி பல சந்தர்ப்பங்களில் சிக்கலில் சிக்கினார்."
41,"He was robbed by pirates, attacked in Tibet by a rabid dog, escaped marriage in Nepal and was arrested in India.","அவர் கடற்கொள்ளையர்களால் கொள்ளையடிக்கப்பட்டார், திபெத்தில் ராபிஸ் பாதித்த வெறித்தனமான நாயால் தாக்கப்பட்டார், நேபாளத்தில் திருமணத்திலிருந்து தப்பினார், இந்தியாவில் கைது செய்யப்பட்டார்.",wikinews,travel,"அவர் கடற்கொள்ளையர்களால் கொள்ளையடிக்கப்பட்டு, திபெத்தில் ஒரு வெறித்தனமான நாயால் தாக்கப்பட்டார், நேபாளத்தில் திருமணத்திலிருந்து தப்பித்து இந்தியாவில் கைது செய்யப்பட்டார்."
42,The 802.11n standard operates on both the 2.4Ghz and 5.0Ghz frequencies.,802.11n தரம் 2.4Ghz மற்றும் 5.0Ghz அலைவரிசை ஆகிய இரண்டிலும் செயல்படும்.,wikinews,sciece,802.11n தரநிலை 2.4Ghz மற்றும் 5.0Ghz அதிர்வெண்கள் இரண்டிலும் செயல்படுகிறது.
43,"This will allow it to be backwards compatible with 802.11a, 802.11b and 802.11g, provided that the base station has dual radios.","அடிப்படையான தளத்தில் இரண்டு ரேடியோக்கள் வழங்கப்பட்டால், இது 802.11a, 802.11b மற்றும் 802.11g உடன் பின்னோக்கிய நிலையில் இணக்கமாக இருக்க அனுமதிக்கும்.",wikinews,sciece,"இது அடிப்படை நிலையத்திற்கு இரட்டை ரேடியோக்கள் இருந்தால், 802.11a, 802.11b மற்றும் 802.11g உடன் பின்னோக்கி இணக்கமாக இருக்க அனுமதிக்கும்."
44,The speeds of 802.11n are substantially faster than that of its predecessors with a maximum theoretical throughput of 600Mbit/s.,802.11n இன் வேகம் அதற்கு முந்தையவைகளை விட அதிகபட்சம் தியரடிகல் த்ரூபுட் 600Mbit/s உடன் மிகுந்த வேகம் கொண்டது.,wikinews,sciece,"802.11n இன் வேகம் அதன் முன்னோடிகளை விட கணிசமாக வேகமாக உள்ளது, அதிகபட்ச கோட்பாட்டு செயல்திறன் 600Mbit/s ஆகும்."
45,"Duvall, who is married with two adult children, did not leave a big impression on Miller, to whom the story was related.","இரண்டு வயதுவந்த குழந்தைகளுடன் திருமணம் செய்து கொண்ட டுவல்லால், இக்கதை விவரிக்கப்பட்ட மில்லரின் மனதில் ஒரு பெரிய அபிப்ராயத்தை ஏற்படுத்த முடியவில்லை.",wikinews,Politics and conflicts,"திருமணமான இரண்டு வயது வந்த குழந்தைகளுடன் இருக்கும் துவால், கதை தொடர்புடைய மில்லர் மீது பெரிய தாக்கத்தை ஏற்படுத்தவில்லை."
46,"When asked for comment, Miller said, ""Mike talks a lot during the hearing...I was getting ready so I wasn't really hearing what he was saying.""","""கருத்து கேட்டபோது, """"விசாரணையின் போது மைக் அதிகளவு பேசுகிறார்.. நான் விசாரணைக்காக தயாராகி கொண்டிருந்ததால் அவர் கூறியதை நான் கேட்கவில்லை"""", என்று மில்லர் கூறினார். """,wikinews,Politics and conflicts,"கருத்தைக் கேட்டபோது, மில்லர் கூறினார், ""விசாரணையின் போது மைக் நிறைய பேசுகிறார்... நான் தயாராகிக் கொண்டிருந்தேன், எனவே அவர் என்ன சொல்கிறார் என்பதை நான் உண்மையில் கேட்கவில்லை""."
47,"""We will endeavour to cut carbon dioxide emissions per unit of GDP by a notable margin by 2020 from the 2005 level,"" Hu said.","""""""நாங்கள் கார்பன் டை ஆக்சைடு வெளியேற்றத்தை 2005 ஆம் ஆண்டிலிருந்து 2020 க்குள் குறிப்பிடத்தக்க ஜி. டி. பி இன் ஒரு யூனிட்டிருக்கு குறைக்க முயல்கிறோம்"""" என ஹு தெரிவித்தார்.""",wikinews,environment,"""மொத்த உள்நாட்டு உற்பத்தியில் ஒரு யூனிட்டுக்கு கார்பன் டை ஆக்சைடு உமிழ்வை 2005 ஆம் ஆண்டின் மட்டத்திலிருந்து 2020 ஆம் ஆண்டுக்குள் குறிப்பிடத்தக்க அளவில் குறைக்க முயற்சிப்போம்"" என்று ஹு கூறினார்."
48,"He did not set a figure for the cuts, saying they will be made based on China's economic output.","குறைப்புகளுக்கு ஒரு புள்ளிவிவரத்தை அவர் அமைக்கவில்லை, அவை சீனாவின் பொருளாதார உற்பத்தியின் அடிப்படையில் செய்யப்படும் என்று அவர் கூறினார்.",wikinews,environment,சீனாவின் பொருளாதார உற்பத்தியின் அடிப்படையில் வெட்டுக்கள் செய்யப்படும் என்று அவர் ஒரு எண்ணிக்கையை அமைக்கவில்லை.
49,"Hu encouraged developing countries ""to avoid the old path of polluting first and cleaning up later.""","""வளரும் நாடுகளை """"முதலில் மாசுபடுத்திவிட்டு பின்னர் சுத்தம் செய்வது என்ற பழைய பழக்கத்தை தவிர்க்க"""" ஹூ ஊக்குவித்தார். """,wikinews,environment,"வளரும் நாடுகளை ""மாசுபடுத்தும் பழைய பாதையை முதலில் தவிர்க்கவும், பின்னர் சுத்தம் செய்யவும்"" ஹூ ஊக்குவித்தார்."
50,"He added that ""they should not, however, be asked to take on obligations that go beyond their development stage, responsibility and capabilities.""","’அவர்களது வளர்ச்சி நிலை, பொறுப்பு மற்றும் திறன்களை மீறிய கடமைகளை ஏற்றுக்கொள்ளுமாறு அவர்களை நீங்கள் கேட்க கூடாது’ என்று அவர் மேலும் கூறினார்.",wikinews,environment,"எவ்வாறாயினும், அவர்களின் வளர்ச்சி நிலை, பொறுப்பு மற்றும் திறன்களுக்கு அப்பாற்பட்ட கடமைகளை ஏற்றுக்கொள்வதற்கு அவர்களைக் கேட்கக்கூடாது என்றும் அவர் கூறினார்."
51,The Iraq Study Group presented its report at 12.00 GMT today.,"ஈராக் ஆய்வுக் குழு, தனது அறிக்கையை இன்று 12.00 GMT-க்கு வழங்கியது.",wikinews,Politics,ஈராக் ஆய்வுக் குழு தனது அறிக்கையை இன்று 12.00 GMT இல் சமர்ப்பித்தது.
52,"It warns No one can guarantee that any course of action in Iraq at this point will stop sectarian warfare, growing violence, or a slide toward chaos.","அது, இந்த சமயத்தில், இரானில் எடுக்கப்படும் எவ்வித நடவடிக்கையாலும் பிரிவினைப் போர், வளரும் வன்முறை அல்லது குழப்பத்தின் தோற்றம் ஆகியவற்றை நிறுத்த இயலும் என்பதற்கான உத்தரவாதம் எவராலும் அளிக்க இயலாது என்று எச்சரிக்கிறது.",wikinews,Politics,"இந்த கட்டத்தில் ஈராக்கில் எந்தவொரு நடவடிக்கையும் குறுங்குழுவாத போர், வளர்ந்து வரும் வன்முறை அல்லது குழப்பத்தை நோக்கிய சரிவை நிறுத்தும் என்று யாரும் உத்தரவாதம் அளிக்க முடியாது என்று அது எச்சரிக்கிறது."
53,The Report opens with plea for open debate and the formation of a consensus in the United States about the policy towards the Middle East.,"இந்த அறிக்கை திறந்த விவாதத்திற்கான வேண்டுகோளுடனும், மத்திய கிழக்கிற்கான கொள்கை குறித்து அமெரிக்காவில் ஒருமித்த கருத்தை உருவாக்குகிறது.",wikinews,Politics,மத்திய கிழக்கை நோக்கிய கொள்கை குறித்து அமெரிக்காவில் வெளிப்படையான விவாதம் மற்றும் ஒருமித்த கருத்தை உருவாக்குவதற்கான வேண்டுகோளுடன் இந்த அறிக்கை தொடங்குகிறது.
54,The Report is highly critical of almost every aspect of the present policy of the Executive towards Iraq and it urges an immediate change of direction.,"ஈராக்கை நோக்கிய நிர்வாகத்தின் தற்போதைய கொள்கையின் ஒவ்வொரு அம்சத்தையும் இந்த அறிக்கை மிகவும் விமர்சிக்கிறது, மேலும் இது உடனடியாக திசையை மாற்ற வலியுறுத்துகிறது.",wikinews,Politics,"ஈராக்கை நோக்கிய நிர்வாகத்தின் தற்போதைய கொள்கையின் கிட்டத்தட்ட ஒவ்வொரு அம்சத்தையும் இந்த அறிக்கை மிகவும் விமர்சிக்கிறது, மேலும் இது உடனடியாக திசையை மாற்ற வலியுறுத்துகிறது."
55,First among its 78 recommendations is that a new diplomatic initiative should be taken before the end of this year to secure Iraq’s borders against hostile interventions and to re-establish diplomatic relations with its neighbors.,இந்த வருட முடிவிற்குள் இரானின் எல்லையை எதிரிகளின் தலையீட்டிலிருந்து பாதுகாப்பது மற்றும் அதன் அண்டை நாடுகளுடன் உடன்பாடுடைய உறவை மீண்டும் நிலை நாட்டுவது ஆகியவை அதன் 78 பரிந்துரைகளில் முதன்மையானவைகளாகும்.,wikinews,Politics,"அதன் 78 பரிந்துரைகளில் முதன்மையானது, ஈராக்கின் எல்லைகளை விரோதமான தலையீடுகளுக்கு எதிராகப் பாதுகாக்கவும், அதன் அண்டை நாடுகளுடன் இராஜதந்திர உறவுகளை மீண்டும் நிறுவவும் இந்த ஆண்டு இறுதிக்குள் ஒரு புதிய இராஜதந்திர முன்முயற்சி எடுக்கப்பட வேண்டும்."
56,"Current senator and Argentine First Lady Cristina Fernandez de Kirchner announced her presidential candidacy yesterday evening in La Plata, a city 50 kilometers (31 miles) away from Buenos Aires.","தற்போதைய சட்ட மன்ற மேலவை உறுப்பினர் மற்றும் அர்ஜெண்டினா ஜனாதிபதியின் மனைவியான கிரிஸ்டினா ஃபெர்னாண்டெஸ் டீ கிர்ச்னெர் தன் ஜனாதிபதி பதவியிற்கான வேட்பாளர் நிலையை நேற்று மாலை, ப்யூனஸ் அயர்ஸிலிருந்து 50 கிலோமீட்டர் (31 மைல்கள்) தொலைவிலுள்ள லா ப்ளாடா என்ற நகரத்தில் அறிவித்தார்.",wikinews,Politics,தற்போதைய செனட்டரும் அர்ஜென்டினாவின் முதல் பெண்மணியுமான கிறிஸ்டினா பெர்னாண்டஸ் டி கிர்ச்னர் நேற்று மாலை பியூனஸ் அயர்ஸிலிருந்து 50 கிலோமீட்டர் (31 மைல்) தொலைவில் உள்ள லா பிளாட்டாவில் தனது ஜனாதிபதி வேட்பாளரை அறிவித்தார்.
57,"Mrs. Kirchner announced her intention to run for president at the Argentine Theatre, the same location she used to start her 2005 campaign for the Senate as member of the Buenos Aires province delegation.",திருமதி. கிர்ச்னர் ஜனாதிபதி பதவிற்கு போட்டியிடும் தன் எண்ணத்தை 2005ஆம் ஆண்டு அவர் ப்யூனஸ் அயர்ஸ் மாகாண தலைமை குழு உறுப்பினர் பதவிக்கு போட்டியிடும் பொழுது பிரச்சாரத்தை துவக்கிய அதே இடமான அர்ஜெண்டினா தியேட்டரில் அறிவித்தார்.,wikinews,Politics,"திருமதி கிர்ச்னர் அர்ஜென்டினா தியேட்டரில் ஜனாதிபதி பதவிக்கு போட்டியிடுவதற்கான தனது விருப்பத்தை அறிவித்தார், அதே இடத்தில் அவர் 2005 ஆம் ஆண்டு செனட்டிற்கான பிரச்சாரத்தை பியூனஸ் அயர்ஸ் மாகாண தூதுக்குழுவின் உறுப்பினராகத் தொடங்கினார்."
58,"The debate was sparked by controversy over spending on relief and reconstruction in the wake Hurricane Katrina; which some fiscal conservatives have humorously labeled ""Bush's New Orleans Deal.""","""அந்த விவாதம் கேட்ரினா புயலைத் தொடந்த நிவாரணம் மற்றும் சீரமைப்பிற்கான செலவு குறித்த கருத்து வேறுபாட்டினால் ஏற்பட்டது; அதை சில நிதிப் பழமைவாதிகள் நகைச்சுவையாக """"புஷ்ஷின் புதிய ஆர்லியன் ஒப்பந்தம்"""" என முத்திரையிட்டனர். """,wikinews,Politics,"கத்ரீனா சூறாவளியை அடுத்து நிவாரணம் மற்றும் புனரமைப்புக்கான செலவு குறித்த சர்ச்சையால் இந்த விவாதம் தூண்டப்பட்டது; சில நிதி பழமைவாதிகள் நகைச்சுவையாக ""புஷ்ஷின் நியூ ஆர்லியன்ஸ் ஒப்பந்தம்"" என்று பெயரிட்டுள்ளனர்."
59,Liberal criticism of the reconstruction effort has focused on the awarding of reconstruction contracts to perceived Washington insiders.,"புனரமைப்பு முயற்சியின் தாராளவாத விமர்சனம், வாஷிங்டன் மக்களுக்குப் புணரமைப்பு ஒப்பந்தங்களை வழங்குவதில் கவனம் செலுத்தியுள்ளது.",wikinews,Politics,மறுசீரமைப்பு முயற்சியின் தாராளவாத விமர்சனம் வாஷிங்டனுக்குள் உள்ளவர்களுக்கு மறுசீரமைப்பு ஒப்பந்தங்களை வழங்குவதில் கவனம் செலுத்தியுள்ளது.
60,Over four million people went to Rome to attend the funeral.,இறுதிச்சடங்கில் கலந்துகொள்வதற்கு நான்கு மில்லியனுக்கும் அதிகமான மக்கள் ரோம் சென்றனர்.,wikinews,Religion,இறுதிச் சடங்கில் கலந்து கொள்வதற்காக நான்கு மில்லியனுக்கும் அதிகமான மக்கள் ரோம் சென்றனர்.
61,The number of people present was so large that it was not possible for everybody to gain access to the funeral in St. Peter's Square.,"வருகை தந்திருந்த மக்களின் எண்ணிக்கை மிகவும் அதிகமாக இருந்த காரணத்தால், செயிண்ட். பீட்டர் ஸ்க்வயரில் அனைவருக்கும் இடம் கிடைப்பது சாத்தியமற்றதாக இருந்தது.",wikinews,Religion,"அங்கு கூடியிருந்த மக்களின் எண்ணிக்கை மிகவும் அதிகமாக இருந்ததால், செயின்ட் பீட்டர்ஸ் சதுக்கத்தில் உள்ள இறுதிச் சடங்கிற்கு அனைவரும் செல்ல முடியவில்லை."
62,Several large television screens were installed in various places in Rome to let the people watch the ceremony.,"ரோம் நகரில் பல இடங்களில் ஏராளமான பெரிய தொலைக்காட்சித் திரைகள் அமைக்கப்பட்டு, மக்கள் இந்த விழாவைக் காண முடிந்தது.",wikinews,Religion,இந்த விழாவை மக்கள் பார்க்க ரோமின் பல்வேறு இடங்களில் பல பெரிய தொலைக்காட்சி திரைகள் நிறுவப்பட்டன.
63,"In many other cities of Italy and in the rest of the world, particularly in Poland, similar setups were made, which were viewed by a great number of people.","இத்தாலியின் பல நகரங்களில் மற்றும் உலகெங்கும் குறிப்பாக போலந்தில், இதே போன்ற அமைப்புகள் ஏற்படுத்தப்பட்டன, மற்றும் அவை அதிக மக்களால் பார்க்கப்பட்டன.",wikinews,Religion,"இத்தாலியின் பிற நகரங்களிலும், உலகின் பிற பகுதிகளிலும், குறிப்பாக போலந்திலும், இதே போன்ற அமைப்புகள் உருவாக்கப்பட்டன, அவை ஏராளமான மக்களால் பார்க்கப்பட்டன."
64,"Historians have criticized past FBI policies for focusing resources on cases which are easy to solve, especially stolen car cases, with the intent of boosting the agency's success rate.","சரித்திர வல்லுனர்கள், முகவாண்மையின் வெற்றி விகிதத்தை உயர்த்தும் நோக்குடன் குறிப்பாக கார் திருட்டு போன்ற சுலபமாக தீர்க்கப்படக் கூடிய வழக்குகளில் வளங்களைத் திருப்பும் எஃப்பிஐயின் கடந்த காலக் கொள்கையை கடுமையாக விமரிசிக்கின்றனர்.",wikinews,Crime and Law,"எஃப். பி. ஐயின் கடந்தகால கொள்கைகள், தீர்க்க எளிதான வழக்குகளில், குறிப்பாக திருடப்பட்ட கார் வழக்குகளில், ஏஜென்சியின் வெற்றி விகிதத்தை அதிகரிக்கும் நோக்கத்துடன் வளங்களை மையமாகக் கொண்டுள்ளன என்று வரலாற்றாசிரியர்கள் விமர்சித்துள்ளனர்."
65,Congress began funding the obscenity initiative in fiscal 2005 and specified that the FBI must devote 10 agents to adult pornography.,"2005 ஆம் நிதியாண்டில் ஆபாசத்தை தடுக்கும் முயற்சிக்கு நிதியளிக்கத் தொடங்கிய காங்கிரஸ், வயது வந்தோருக்கான ஆபாசப் படங்களுக்கு FBI 10 முகவர்களை ஒதுக்க வேண்டும் என்று குறிப்பிட்டது.",wikinews,Crime and Law,"காங்கிரஸ் 2005 நிதியாண்டில் இந்த பாலியல் முறைகேடு முயற்சிக்கு நிதியளிக்கத் தொடங்கியது, மேலும் எஃப். பி. ஐ 10 முகவர்களை வயது வந்தோர் பாலியல் முறைகேடுகளுக்கு ஒதுக்க வேண்டும் என்று குறிப்பிட்டது."
66,"Robin Uthappa made the innings highest score, 70 runs in just 41 balls by hitting 11 fours and 2 sixes.","ராபின் உத்தப்பா, அந்த இன்னிங்ஸின் அதிகபட்ச ஸ்கோரான, வெறும் 41 பந்துகளில் 70 ரன்களை எடுத்து, 11 பவுண்டரிகள் மற்றும் 2 சிக்சர்களை அடித்தார்.",wikinews,Sports,ராபின் உத்தப்பா 41 பந்துகளில் 11 பவுண்டரிகள் மற்றும் 2 சிக்ஸர்களுடன் 70 ரன்கள் எடுத்து இன்னிங்ஸின் அதிகபட்ச ஸ்கோரை அடித்தார்.
67,"Middle order batsmen, Sachin Tendulkar and Rahul Dravid, performed well and made a hundred-run partnership.","மிடில் ஆர்டர் பேட்ஸ்மேன்களான சச்சின் டெண்டுல்கர், ராகுல் டிராவிட் ஆகியோர் சிறப்பாக செயல்பட்டு கூட்டாக நூறு ரன்கள் எடுத்தனர்.",wikinews,Sports,சச்சின் டெண்டுல்கர் மற்றும் ராகுல் டிராவிட் ஆகியோர் சிறப்பாக விளையாடி நூறு ஓட்டங்கள் கூட்டணியை உருவாக்கினர்.
68,"But, after losing the captain's wicket India only made 36 runs loosing 7 wickets to end the innings.",இந்திய அணியானது கேப்டனின் விக்கெட்டை இழந்த பிறகு 36 ரன்கள் மட்டுமே எடுத்து 7 விக்கெட் இழப்பிற்கு இன்னிங்கை நிறைவு செய்தது.,wikinews,Sports,"ஆனால், கேப்டனின் விக்கெட்டை இழந்த பிறகு இந்தியா 7 விக்கெட்டுகளை இழந்து 36 ரன்கள் மட்டுமே எடுத்து இன்னிங்ஸை முடித்தது."
69,"U.S. President George W. Bush arrived in Singapore the morning of November 16, beginning a week-long tour of Asia.","யு. எஸ். ஜனாதிபதி ஜார்ஜ். டபிள்யூ. புஷ் ஆசியாவில் ஒரு வார கால சுற்றுலாவைத் துவக்கும் வகையில், நவம்பர் 16ஆம் தேதி காலை சிங்கப்பூர் வந்தடைந்தார்.",wikinews,Politics,"அமெரிக்க ஜனாதிபதி ஜார்ஜ் டபுள்யூ புஷ் நவம்பர் 16 ஆம் தேதி காலை சிங்கப்பூருக்கு வந்தார், ஒரு வார கால ஆசியா சுற்றுப்பயணத்தைத் தொடங்கினார்."
70,He was greeted by Singapore's Deputy Prime Minister Wong Kan Seng and discussed trade and terrorism issues with the Singapore Prime Minister Lee Hsien Loong.,"அவரை சிங்கப்பூர் துணைப் பிரதமர் வோங் கான் செங் வரவேற்றார், மேலும், வர்த்தக மற்றும் பயங்கரவாத பிரச்சினைகள் குறித்து சிங்கப்பூர் பிரதமர் லீ ஹ்சியன் லூங்குடன் உரையாடல் நிகழ்த்தினார்.",wikinews,Politics,"அவரை சிங்கப்பூரின் துணைப் பிரதமர் வோங் கான் செங் வரவேற்றார், மேலும் சிங்கப்பூர் பிரதமர் லீ சியான் லூங்குடன் வர்த்தகம் மற்றும் பயங்கரவாத பிரச்சினைகள் குறித்து விவாதித்தார்."
71,"After a week of losses in the midterm election, Bush told an audience about the expansion of trade in Asia.","இடைதேர்தலில் தோல்வியடைந்த ஒரு வாரத்திற்குப் பின்னர், புஷ் ஒரு பார்வையாளர்களிடம் ஆசியாவில் வர்த்தக விரிவாக்கம் பற்றி கூறினார்.",wikinews,Politics,"இடைக்காலத் தேர்தலில் ஒரு வார இழப்புக்குப் பிறகு, ஆசியாவில் வர்த்தகம் விரிவடைவது குறித்து பார்வையாளர்களிடம் புஷ் கூறினார்."
72,"Prime Minister Stephen Harper has agreed to send the government's 'Clean Air Act' to an all-party committee for review, before its second reading, after Tuesday's 25 minute meeting with NDP leader Jack Layton at the PMO.","முதலமைச்சர் ஸ்டீஃபன் ஹார்பெர், செவ்வாய்க் கிழமையன்று எண்டிபியின் தலைவர் ஜேக் லேடனுடன் பிஎம்ஓவில் நடந்த 25 நிமிட கூட்டத்திற்குப் பிறகு அரசின் 'க்ளீன் ஏர் ஆக்ட்/சுத்தமான காற்றுக் கொள்கை'  இரண்டாம் முறை படிக்கப்படும் முன்னர் மறுபரிசீலனை செய்யப்பட அனைத்துக் கட்சிக் குழுவின் பார்வைக்கு அனுப்ப ஒப்புக்கொண்டார்.",wikinews,Politics,"பிரதம மந்திரி ஸ்டீபன் ஹார்பர், அரசாங்கத்தின்'தூய்மையான காற்றுச் சட்டத்தை'மறுஆய்வுக்காக அனைத்துக் கட்சிக் குழுவுக்கு அனுப்ப ஒப்புக் கொண்டார், அதன் இரண்டாவது வாசிப்புக்கு முன், பிரதமர் அலுவலகத்தில் என்டிபி தலைவர் ஜாக் லேட்டனுடன் செவ்வாய்க்கிழமை 25 நிமிட சந்திப்புக்குப் பிறகு."
73,"Layton had asked for changes to the conservatives' environmental bill during the meeting with the PM, asking for a ""thorough and complete rewriting"" of the Conservative party's environmental bill.","""PM உடனான சந்திப்பின் போது கன்சர்வேடிவ்களின் சுற்றுச்சூழல் மசோதாவில் மாற்றங்களை லேட்டன் கேட்டுக் கொண்டார், கன்சர்வேடிவ் கட்சியின் சுற்றுச்சூழல் மசோதாவை """"தெளிவாகவும் மற்றும் முழுமையாகவும் மாற்றியமைக்க"""" கேட்டுக் கொண்டார். """,wikinews,Politics,"பிரதமருடனான சந்திப்பின் போது பழமைவாதிகளின் சுற்றுச்சூழல் மசோதாவில் மாற்றங்களைக் கோரிய லேட்டன், கன்சர்வேடிவ் கட்சியின் சுற்றுச்சூழல் மசோதாவை ""முழுமையான மற்றும் முழுமையான மறு எழுத்து"" செய்யக் கோரியிருந்தார்."
74,"Ever since the Federal Government stepped in to take over funding of the Mersey hospital in Devonport, Tasmania, the state government and some federal MPs have criticised this act as a stunt in the prelude to the federal election to be called by November.","தாஸ்மானியாவில் உள்ள டேவோன்போர்ட் மருத்துவமனைக்கு அதிக நிதி அளிக்க மத்திய அரசாங்கம் முடிவெடுத்ததிலிருந்து, மாநில அரசாங்கமும் சில மத்திய எம்பிக்களும் இந்த நடவடிக்கை வரப்போகும் நவம்பர் மாத கூட்டாட்சி தேரல்தலுக்கான முன்னோட்ட நடவடிக்கை என விமர்சிக்கின்றனர்.",wikinews,Politics,"டாஸ்மேனியாவின் டெவோன்போர்ட்டில் உள்ள மெர்சி மருத்துவமனையின் நிதியை மத்திய அரசு எடுத்துக் கொண்டதிலிருந்து, மாநில அரசும் சில மத்திய நாடாளுமன்ற உறுப்பினர்களும் இந்த செயலை நவம்பர் மாதத்திற்குள் வரவிருக்கும் கூட்டாட்சி தேர்தலுக்கு முன்னோடியாக ஒரு ஸ்டண்ட் என்று விமர்சித்துள்ளனர்."
75,"But Prime Minister John Howard has said the act was only to safeguard the facilities of the hospital from being downgraded by the Tasmanian government, in giving an extra AUD$45 million.","ஆனால், அமைச்சர் ஜான் ஹோவார்ட் 45 மில்லியன் ஆஸ்திரேலியன் டாலர் வழங்கும் இந்த நடவடிக்கை டாஸ்மானியாவின் அரசால் மருத்துவமனையின் வசதிகள் குறைக்கப்படுவதிலிருந்து பாதுகாக்க எடுக்கப்பட்டது என கூறினார்.",wikinews,Politics,"ஆனால் பிரதம மந்திரி ஜான் ஹோவர்ட், மருத்துவமனையின் வசதிகளை டாஸ்மேனிய அரசாங்கத்தால் தரமிறக்கப்படுவதிலிருந்து பாதுகாப்பதற்காக மட்டுமே இந்தச் சட்டம் என்று கூறியுள்ளார், கூடுதலாக AUD $45 மில்லியன் வழங்கியது."
76,"According to the latest bulletin, sea level readings indicated a tsunami was generated. There was some definite tsunami activity recorded near Pago Pago and Niue.","சமீபத்திய செய்தி அறிவிப்பின்படி, கடல்மட்ட அளவீடுகள் சுனாமி உருவானதை சுட்டிக்காட்டின. பேகோ பேகோ மற்றும் நியூ அருகில் கண்டிப்பாக சுனாமி நடவடிக்கை பதிவு செய்யப்பட்டது.",wikinews,Disasters and accidents,"சமீபத்திய செய்திக்குறிப்பின் படி, கடல் மட்ட அளவீடுகள் சுனாமி உருவானதைக் குறிக்கின்றன. பாகோ பாகோ மற்றும் நியுவே அருகே சில திட்டவட்டமான சுனாமி நடவடிக்கைகள் பதிவு செய்யப்பட்டுள்ளன."
77,"No major damage or injuries have been reported in Tonga, but power was temporarily lost, which reportedly prevented Tongan authorities from receiving the tsunami warning issued by the PTWC.","டோங்காவில் மிக அதிகமான பாதிப்பு அல்லது காயமடைதல் ஏற்படவில்லை என தெரிவிக்கப்பட்டாலும், மின்சாரம் பாதிக்கப்பட்டதால், டோங்கன் அதிகாரிகளுக்கு பிடிடபிள்யூசியினால் வழங்கப்பட்ட சுனாமி எச்சரிக்கை சென்றடைவதில் தடை ஏற்பட்டது.",wikinews,Disasters and accidents,"டோங்காவில் பெரிய சேதம் அல்லது காயங்கள் எதுவும் ஏற்படவில்லை, ஆனால் மின்சாரம் தற்காலிகமாக இழக்கப்பட்டது, இது டோங்கன் அதிகாரிகளுக்கு பிடிடபிள்யூசி வழங்கிய சுனாமி எச்சரிக்கையைப் பெறுவதைத் தடுத்ததாக கூறப்படுகிறது."
78,Fourteen schools in Hawaii located on or near coastlines were closed all of Wednesday despite the warnings being lifted.,கடற்கரையில் அல்லது அதற்கு அருகாமையில் அமைந்துள்ள ஹவாயிலுள்ள பதினான்கு பள்ளிகள் எச்சரிக்கை விலக்கப்பட்ட பின்னரும் புதன் கிழமை முழுவதும் மூடப்பட்டிருந்தன.,wikinews,Disasters and accidents,"எச்சரிக்கைகள் நீக்கப்பட்ட போதிலும், ஹவாய் கடற்கரையோரம் அல்லது அதற்கு அருகில் அமைந்துள்ள பதினான்கு பள்ளிகள் புதன்கிழமை முழுவதும் மூடப்பட்டன."
79,U.S. President George W. Bush welcomed the announcement.,யு.எஸ். ஜனாதிபதி ஜார்ஜ். டபிள்யூ. புஷ் இந்த அறிவிப்பை வரவேற்றுள்ளார்.,wikinews,Politics,இந்த அறிவிப்பை அமெரிக்க அதிபர் ஜார்ஜ் டபிள்யூ புஷ் வரவேற்றார்.
80,"Bush spokesman Gordon Johndroe called North Korea's pledge ""a major step towards the goal of achieving the verifiable denuclearization of the Korean peninsula.""","""புஷ்ஷின் பிரதிநிதி பேச்சாளர் கார்டன் ஜான்ட்ரோ வட கொரியாவின் உறுதிமொழியை """" கொரியத் தீவு அணு ஆயுத நீக்கம் பரிசீலனை செய்யப்படும் இலக்கை அடைவதற்கான முக்கிய நடவடிக்கை"""" என அழைத்தார்.""",wikinews,Politics,"புஷ்ஷின் செய்தித் தொடர்பாளர் கார்டன் ஜான்ட்ரோ, வட கொரியாவின் உறுதிமொழியை ""கொரிய தீபகற்பத்தை சரிபார்க்கக்கூடிய அணுஆயுதமயமாக்கலை அடைவதற்கான இலக்கை நோக்கிய ஒரு பெரிய படி"" என்று அழைத்தார்."
81,"The tenth named storm of the Atlantic Hurricane season, Subtropical Storm Jerry, formed in the Atlantic Ocean today.","அட்லாண்டிக் சூறாவளி தாக்கத்தின் பத்தாவது துணை வெப்பமண்டல புயலின் பெயர் ஜெர்ரி, இன்று அட்லாண்டிக் பெருங்கடலில் இருந்து உருவானது.",wikinews,Weather,"அட்லாண்டிக் சூறாவளி பருவத்தின் பத்தாவது பெயரிடப்பட்ட புயல், துணை வெப்பமண்டல புயல் ஜெர்ரி, இன்று அட்லாண்டிக் பெருங்கடலில் உருவானது."
82,The National Hurricane Center (NHC) says that at this point Jerry poses no threat to land.,தேசிய சூறாவளி மையம் (NHC) இந்த நேரத்தில் ஜெர்ரி ஆல் எந்த அச்சுறுத்தலும் இல்லை என்று கூறுகிறது.,wikinews,Weather,இந்த கட்டத்தில் ஜெர்ரி நிலத்திற்கு எந்த அச்சுறுத்தலையும் ஏற்படுத்தவில்லை என்று தேசிய சூறாவளி மையம் (என். எச். சி) கூறுகிறது.
83,The U.S. Corps of Engineers estimated that 6 inches of rainfall could breach the previously damaged levees.,"U.S கார்ப்ஸ் ஆஃப் இன்ஜினியர்ஸ், 6 inches மழைப்பொழிவு என்பது முன்னர்  நிகழ்ந்த சேதத்தை மீறும் என்று மதிப்பிட்டுள்ளது.",wikinews,Weather,6 அங்குல மழைப்பொழிவு முன்பு சேதமடைந்த தடைகளை உடைக்கக்கூடும் என்று யு. எஸ். கார்ப்ஸ் ஆஃப் இன்ஜினியர்ஸ் மதிப்பிட்டுள்ளது.
84,"The Ninth Ward, which saw flooding as high as 20 feet during Hurricane Katrina, is currently in waist-high water as the nearby levee was overtopped.","கேட்ரினா புயலின் போது 20 அடி உயரத்திற்கு வெள்ளம் கண்ட ஒன்பதாம் வார்ட், தற்போது அணை உடைந்ததால், இடுப்பளவு தண்ணீரில் மூழ்கியிருக்கிறது.",wikinews,Weather,"கத்ரீனா சூறாவளியின் போது 20 அடி உயரத்தில் வெள்ளம் ஏற்பட்ட ஒன்பதாவது வார்டு, தற்போது அருகிலுள்ள கட்டை மேல் இருந்ததால் இடுப்பு உயர நீரில் உள்ளது."
85,Water is spilling over the levee in a section 100 feet wide.,"100 அடி அகலத்தின் ஒரு பிரிவில், ஒரு லெவீ வழியாக நீர் வழிந்து பரவுகிறது.",wikinews,Weather,100 அடி அகலமுள்ள ஒரு பகுதியில் உள்ள தடுப்பணை மீது தண்ணீர் கொட்டுகிறது.
86,Commons Administrator Adam Cuerden expressed his frustration over the deletions when he spoke to Wikinews last month.,காமனின் நிர்வாக அதிகாரி ஆடம் க்யூடென் கடந்த மாதம் விக்கி செய்திகளுக்காக பேசிய போது நீக்கம் குறித்த அவரது அதிருப்தியை வெளிப்படுத்தினார்.,wikinews,Media,காமன்ஸ் நிர்வாகி ஆடம் கியூர்டன் கடந்த மாதம் விக்கி செய்திகளுடன் பேசியபோது நீக்கப்பட்டவை குறித்து தனது விரக்தியை வெளிப்படுத்தினார்.
87,"""He [Wales] basically lied to us from the start. First, by acting as if this was for legal reasons. Second, by pretending he was listening to us, right up to his art deletion.""","""அவர் (வேல்ஸ்) துவக்கத்திலிருந்தே எங்களிடம் பொய் கூறினார். முதலில், இது சட்டம் குறித்த காரணங்களுக்காக என்றார். இரண்டாவதாக, அவருக்கு கைவந்த கலையான நீக்கம் வரை, நாங்கள் பேசுவதைக் கேட்பது போல் நடித்தார்.""""""",wikinews,Media,"""அவர் (வேல்ஸ்) ஆரம்பத்தில் இருந்தே எங்களிடம் பொய் கூறினார். முதலில், இது சட்ட காரணங்களுக்காக என்று நடித்தார். இரண்டாவதாக, அவர் எங்கள் பேச்சைக் கேட்பதாக நடிப்பதன் மூலம், அவரது கலை நீக்கம் வரை""."
88,The community irritation led to current efforts to draft a policy regarding sexual content for the site which hosts millions of openly-licensed media.,"சமூகத்தில் ஏற்பட்ட எரிச்சல், பாலுணர்வு தொடர்பான விஷயங்கள் குறித்து தற்போது, பல்வேறு வெளிப்படையான உரிமை பெற்ற ஊடகங்களை வெளியிடும் தளத்தின் கொள்கையை வரையறுக்கும் முயற்சிக்கு வழிவகுத்தது.",wikinews,Media,சமூகத்தின் எரிச்சல் மில்லியன் கணக்கான வெளிப்படையான உரிமம் பெற்ற ஊடகங்களை வழங்கும் தளத்திற்கான பாலியல் உள்ளடக்கம் தொடர்பான கொள்கையை உருவாக்குவதற்கான தற்போதைய முயற்சிகளுக்கு வழிவகுத்தது.
89,"The work done was mostly theoretical, but the program was written to simulate observations made of the Sagittarius galaxy.",கோட்பாட்டை அடிப்படையாகக் கொண்ட வேலைகள் மட்டுமே பெரும்பாலும் முடிக்கப்பட்டுள்ளன. ஆனால் இந்த திட்டம் தனுசு விண்மீனை கண்காணிக்க துண்டுதலாக எழுதப்பட்டது.,wikinews,Research,"செய்யப்பட்ட வேலை பெரும்பாலும் கோட்பாட்டளவில் இருந்தது, ஆனால் இந்த திட்டம் தனுசு விண்மீன் மண்டலத்தின் அவதானிப்புகளை உருவகப்படுத்துவதற்காக எழுதப்பட்டது."
90,The effect the team was looking for would be caused by tidal forces between the galaxy's dark matter and the Milky Way's dark matter.,"குழு எதிர் நோக்கும் பாதிப்பு, விண்மீனின் இருண்ட பொருளுக்கும், பால்வீதியின் இருண்ட பொருளுக்கும் இடையிலான அலை சக்திகளால் ஏற்படும்.",wikinews,Research,விண்மீன் மண்டலத்தின் இருண்ட பொருளுக்கும் பால்வீதியின் இருண்ட பொருளுக்கும் இடையிலான அலை சக்திகளால் குழு தேடும் விளைவு ஏற்படும்.
91,"Just like the moon exerts a pull on the earth, causing tides, so does the Milky Way exert a force on the Sagittarius galaxy.","சந்திரன் பூமியில் ஒரு இழுவை செலுத்தி அலைகளை ஏற்படுத்துகிறது, அதே போல் பால்வீதி, தனுசு விண்மீன் கூட்டம் மீது ஒரு சக்தியை செலுத்துகிறது.",wikinews,Research,"சந்திரன் பூமியில் ஒரு இழுவை ஏற்படுத்துவதைப் போலவே, அலைகளை ஏற்படுத்துகிறது, அதேபோல் பால்வீதியும் தனுசு விண்மீன் மண்டலத்தில் ஒரு சக்தியை செலுத்துகிறது."
92,The scientists were able to conclude that the dark matter affect other dark matter in the same way regular matter does.,அறிவியல் வல்லுனர்களால் பொதுவான மேட்டர்/பருப்பொருளில் ஏற்படுவது போலவே ஒரு டார்க் மேட்டர் மற்றொரு டார்க் மேட்டரை பாதிக்கிறது என்ற முடிவு செய்ய இயன்றது.,wikinews,Research,வழக்கமான பொருள் போலவே இருண்ட பொருள் மற்ற இருண்ட பொருளை பாதிக்கிறது என்று விஞ்ஞானிகளால் முடிவு செய்ய முடிந்தது.
93,"This theory says that most dark matter around a galaxy is located around a galaxy in a kind of halo, and is made of lots of small particles.","விண்மீன் மண்டலத்தை சுற்றியுள்ள மிகவும் இருட்டான விஷயம் விண்மீன் மண்டலத்தை சுற்றி ஒளிவட்ட வடிவல் அமைந்துள்ளது, மற்றும் அது பெருமளவு சிறுதுகள்களால் உருவாக்கப்பட்டது.",wikinews,Research,"இந்த கோட்பாடு ஒரு விண்மீன் மண்டலத்தைச் சுற்றியுள்ள பெரும்பாலான இருண்ட பொருள் ஒரு வகையான ஒளிவட்டத்தில் ஒரு விண்மீன் மண்டலத்தைச் சுற்றி அமைந்துள்ளது என்றும், அது நிறைய சிறிய துகள்களால் ஆனது என்றும் கூறுகிறது."
94,Television reports show white smoke coming from the plant.,தொலைக்காட்சி அறிக்கைகள் ஆலையிலிருந்து வெண்ணிறப் புகை வெளிவருவதை காண்பித்தன.,wikinews,Disaster,இந்த ஆலையில் இருந்து வெள்ளை புகை வருவதை தொலைக்காட்சி அறிக்கைகள் காட்டுகின்றன.
95,"Local authorities are warning residents in the vicinity of the plant to stay indoors, turn off air-conditioners and not to drink tap water.","உள்ளுர் அதிகாரிகள் ஆலையின் அருகாமையில் வசிப்பவர்களை வீட்டினுள்ளேயே இருக்குமாறும், குளிர்சாதனப் பெட்டிகளை அணைத்து வைக்குமாறும், குழாய்த் தண்ணீரை குடிக்காமலிருக்குமாறும் எச்சரிக்கின்றனர்.",wikinews,Disaster,"ஆலைக்கு அருகிலுள்ள குடியிருப்பாளர்கள் வீட்டுக்குள்ளேயே இருக்கவும், ஏர் கண்டிஷனர்களை அணைக்கவும், குழாய் நீரைக் குடிக்க வேண்டாம் என்றும் உள்ளூர் அதிகாரிகள் எச்சரிக்கிறார்கள்."
96,"According to Japan's nuclear agency, radioactive caesium and iodine has been identified at the plant.","ஜப்பானின் அணுசக்தி முகவாண்மையின்படி ஆலையில், கதிரியக்க சீசியம் மற்றும் அயோடின் கண்டறியப்பட்டுள்ளது.",wikinews,Disaster,"ஜப்பானின் அணுசக்தி நிறுவனத்தின் கூற்றுப்படி, கதிரியக்க சீசியம் மற்றும் அயோடின் ஆகியவை ஆலையில் அடையாளம் காணப்பட்டுள்ளன."
97,Authorities speculate that this indicates that containers holding uranium fuel at the site may have ruptured and are leaking.,"அதிகாரிகள் இது, யுரேனியம் எரிசக்திப் பொருள் வைக்கப்பட்டிருந்த கலம் சேதமடைந்திருக்கலாம் மற்றும் ஒழுகல் ஏற்பட்டிருப்பதைக் குறிக்கலாம் என அனுமானிக்கின்றனர்.",wikinews,Disaster,அந்த இடத்தில் யுரேனியம் எரிபொருளை வைத்திருக்கும் கொள்கலன்கள் சிதைந்து கசிந்திருக்கலாம் என்பதை இது குறிக்கிறது என்று அதிகாரிகள் ஊகிக்கின்றனர்.
98,Dr. Tony Moll discovered the Extremely Drug Resistant Tuberculosis (XDR-TB) in the South African region KwaZulu-Natal.,டாக்டர் டோனி மோல் மருந்தை பலமாக எதிர்க்கும் காச நோயை (XDR-TB) தென்னாப்பிரிக்க பிராந்தியமான க்வாஸுலு-நடாலில் கண்டுபிடித்தார்.,wikinews,Health,"டாக்டர் டோனி மால், தென்னாப்பிரிக்காவின் குவாசுலு-நடால் பிராந்தியத்தில் மிகவும் மருந்து எதிர்ப்பு காசநோயை (எக்ஸ். டி. ஆர்-டிபி) கண்டுபிடித்தார்."
99,"In an interview, he said the new variant was ""very highly troubling and alarming because of the very high fatality rate.""","""ஒரு நேர்காணலில், புதிய மாறுபாடு என்னவெனில், """"மிக அதிகமான இறப்பு விகிதம் மிகவும் சிக்கலானது மற்றும் ஆபத்தானது"""" என்று அவர் கூறினார்.""",wikinews,Health,"ஒரு நேர்காணலில், புதிய மாறுபாடு ""மிக அதிக இறப்பு விகிதம் காரணமாக மிகவும் தொந்தரவாகவும் ஆபத்தானதாகவும் உள்ளது"" என்று அவர் கூறினார்."
100,"Some patients might have contracted the bug in the hospital, Dr. Moll thinks, and at least two were hospital health workers.","சில நோயாளிகளுக்கு மருத்துவமனையில் தவறு ஏற்பட்டிருக்கலாம், குறைந்தது இரண்டு பேர் மருத்துவமனை சுகாதார ஊழியர்களாக இருக்க வேண்டும் என்று டாக்டர் மோல் நினைக்கிறார்.",wikinews,Health,"சில நோயாளிகள் மருத்துவமனையில் பூச்சியால் பாதிக்கப்பட்டிருக்கலாம், டாக்டர் மால் நினைக்கிறார், குறைந்தது இரண்டு பேர் மருத்துவமனை சுகாதாரப் பணியாளர்கள்."
